fold,epoch,train_loss,val_loss
0,1,0.6556,0.6233
0,2,0.5274,0.6028
0,3,0.4815,0.6046
0,4,0.4461,0.6035
0,5,0.4106,0.5896
0,6,0.3808,0.5767
0,7,0.3511,0.568
0,8,0.3267,0.5619
0,9,0.3131,0.5546
0,10,0.2982,0.5477
0,11,0.2731,0.5437
0,12,0.2616,0.5422
0,13,0.2484,0.5449
0,14,0.244,0.5422
0,15,0.2256,0.5393
1,1,0.6451,0.6023
1,2,0.5223,0.5772
1,3,0.4783,0.5668
1,4,0.4553,0.5529
1,5,0.4318,0.525
1,6,0.4036,0.5033
1,7,0.3677,0.4947
1,8,0.3498,0.4857
1,9,0.3272,0.4827
1,10,0.3105,0.4843
1,11,0.2921,0.489
1,12,0.2806,0.4836
1,13,0.2661,0.4797
1,14,0.2533,0.4801
1,15,0.2424,0.4738
2,1,0.6758,0.5804
2,2,0.56,0.5292
2,3,0.5069,0.5044
2,4,0.4729,0.4878
2,5,0.4435,0.4747
2,6,0.4201,0.4675
2,7,0.382,0.4652
2,8,0.3686,0.467
2,9,0.3479,0.4615
2,10,0.3305,0.4625
2,11,0.3088,0.4608
2,12,0.3075,0.4555
2,13,0.2937,0.4479
2,14,0.2829,0.4394
2,15,0.2707,0.4318
3,1,0.6703,0.5948
3,2,0.5468,0.5819
3,3,0.4798,0.57
3,4,0.4514,0.5639
3,5,0.4249,0.5598
3,6,0.3963,0.5528
3,7,0.3727,0.5451
3,8,0.3483,0.5362
3,9,0.3295,0.5261
3,10,0.3139,0.5164
3,11,0.2943,0.5077
3,12,0.2866,0.5001
3,13,0.269,0.4939
3,14,0.2589,0.489
3,15,0.2431,0.4833
