photo,plate_id,fold,true_rice,prob_rice,true_dhal_curry,prob_dhal_curry,true_chicken_curry,prob_chicken_curry,true_pol_sambol,prob_pol_sambol,true_soya,prob_soya
M0001_a.jpg,M0001,0,1,0.4516,0,0.2232,0,0.2408,0,0.5927,0,0.2228
M0001_b.jpg,M0001,0,1,0.6692,0,0.0795,0,0.0666,0,0.8291,0,0.0614
M0001_c.jpg,M0001,0,1,0.6178,0,0.1005,0,0.0766,0,0.7745,0,0.0814
M0006_a.jpg,M0006,0,1,0.4268,0,0.2494,1,0.1544,1,0.3613,0,0.3888
M0006_b.jpg,M0006,0,1,0.5862,0,0.0733,1,0.0647,1,0.6885,0,0.059
M0006_c.jpg,M0006,0,1,0.5435,0,0.067,1,0.0735,1,0.6524,0,0.055
M0016_a.jpeg,M0016,0,0,0.1413,0,0.4276,0,0.1251,0,0.0624,1,0.1458
M0016_b.jpeg,M0016,0,0,0.1681,0,0.2835,0,0.119,0,0.1866,1,0.2765
M0016_c.jpeg,M0016,0,0,0.1657,0,0.3296,0,0.1404,0,0.2044,1,0.2389
M0018_a.jpeg,M0018,0,1,0.7986,1,0.4753,0,0.0337,0,0.1135,0,0.5668
M0018_b.jpeg,M0018,0,1,0.6556,1,0.4597,0,0.073,0,0.1188,0,0.3239
M0018_c.jpeg,M0018,0,1,0.7068,1,0.4422,0,0.0315,0,0.0902,0,0.5414
M0004_a.jpg,M0004,1,0,0.8156,0,0.1035,0,0.1818,1,0.4906,0,0.0469
M0004_b.jpg,M0004,1,0,0.8376,0,0.0894,0,0.2407,1,0.495,0,0.0462
M0004_c.jpg,M0004,1,0,0.2296,0,0.3265,0,0.172,1,0.3461,0,0.2147
M0012_a.jpeg,M0012,1,1,0.7894,0,0.0886,0,0.0792,0,0.1254,0,0.6913
M0012_b.jpeg,M0012,1,1,0.7792,0,0.1255,0,0.1116,0,0.1332,0,0.5541
M0013_a.jpeg,M0013,1,0,0.6286,0,0.0795,0,0.0659,0,0.0808,1,0.4647
M0013_b.jpeg,M0013,1,0,0.6804,0,0.0397,0,0.073,0,0.1067,1,0.4173
M0019_a.jpeg,M0019,1,1,0.6419,1,0.4209,0,0.0984,0,0.1009,1,0.2294
M0019_b.jpeg,M0019,1,1,0.9173,1,0.5531,0,0.0671,0,0.0687,1,0.1518
M0019_c.jpeg,M0019,1,1,0.9186,1,0.5436,0,0.0651,0,0.0705,1,0.1491
M0003_a.jpeg,M0003,2,0,0.3014,0,0.2274,0,0.1059,1,0.1553,0,0.3371
M0003_b.jpeg,M0003,2,0,0.3743,0,0.1457,0,0.1221,1,0.1329,0,0.4003
M0003_c.jpeg,M0003,2,0,0.3874,0,0.1966,0,0.1508,1,0.1153,0,0.4374
M0014_a.jpeg,M0014,2,1,0.5726,0,0.1202,0,0.1062,0,0.0665,1,0.4728
M0014_b.jpeg,M0014,2,1,0.4935,0,0.0917,0,0.079,0,0.0481,1,0.5006
M0014_c.jpeg,M0014,2,1,0.4782,0,0.0896,0,0.061,0,0.0333,1,0.5414
M0015_a.jpeg,M0015,2,1,0.8271,0,0.2015,0,0.08,0,0.2114,0,0.1219
M0015_b.jpeg,M0015,2,1,0.8673,0,0.2542,0,0.0863,0,0.2912,0,0.1363
M0015_c.jpeg,M0015,2,1,0.7073,0,0.5407,0,0.0538,0,0.0565,0,0.4344
M0021_a.jpeg,M0021,2,0,0.2154,1,0.2721,0,0.1831,0,0.1357,0,0.3888
M0021_b.jpeg,M0021,2,0,0.1564,1,0.201,0,0.1551,0,0.0717,0,0.3953
M0021_c.jpeg,M0021,2,0,0.2239,1,0.2295,0,0.2585,0,0.1493,0,0.361
M0002_a.jpg,M0002,3,0,0.2664,0,0.1749,1,0.0834,0,0.3167,0,0.2663
M0002_b.jpg,M0002,3,0,0.2379,0,0.2327,1,0.0856,0,0.3238,0,0.2666
M0002_c.jpg,M0002,3,0,0.1826,0,0.0689,1,0.0501,0,0.2611,0,0.429
M0005_a.jpg,M0005,3,1,0.5353,0,0.2295,0,0.2275,1,0.4117,0,0.2146
M0005_b.jpg,M0005,3,1,0.6729,0,0.0649,0,0.3159,1,0.5322,0,0.0644
M0005_c.jpg,M0005,3,1,0.713,0,0.0593,0,0.3151,1,0.5274,0,0.0651
M0017_a.jpeg,M0017,3,0,0.2511,1,0.3719,0,0.0668,0,0.2709,0,0.2318
M0017_b.jpeg,M0017,3,0,0.2795,1,0.3499,0,0.0393,0,0.1031,0,0.4114
M0017_c.jpeg,M0017,3,0,0.2885,1,0.3836,0,0.0814,0,0.2197,0,0.3035
M0020_a.jpeg,M0020,3,0,0.2962,0,0.2476,0,0.0648,0,0.2373,1,0.3318
M0020_b.jpeg,M0020,3,0,0.2419,0,0.2522,0,0.0432,0,0.2169,1,0.3027
M0020_c.jpeg,M0020,3,0,0.2243,0,0.2228,0,0.0459,0,0.2188,1,0.2749
