photo,plate_id,fold
M0001_a.jpg,M0001,0
M0001_b.jpg,M0001,0
M0001_c.jpg,M0001,0
M0002_a.jpg,M0002,3
M0002_b.jpg,M0002,3
M0002_c.jpg,M0002,3
M0003_a.jpeg,M0003,2
M0003_b.jpeg,M0003,2
M0003_c.jpeg,M0003,2
M0004_a.jpg,M0004,1
M0004_b.jpg,M0004,1
M0004_c.jpg,M0004,1
M0005_a.jpg,M0005,3
M0005_b.jpg,M0005,3
M0005_c.jpg,M0005,3
M0006_a.jpg,M0006,0
M0006_b.jpg,M0006,0
M0006_c.jpg,M0006,0
M0012_a.jpeg,M0012,1
M0012_b.jpeg,M0012,1
M0013_a.jpeg,M0013,1
M0013_b.jpeg,M0013,1
M0014_a.jpeg,M0014,2
M0014_b.jpeg,M0014,2
M0014_c.jpeg,M0014,2
M0015_a.jpeg,M0015,2
M0015_b.jpeg,M0015,2
M0015_c.jpeg,M0015,2
M0016_a.jpeg,M0016,0
M0016_b.jpeg,M0016,0
M0016_c.jpeg,M0016,0
M0017_a.jpeg,M0017,3
M0017_b.jpeg,M0017,3
M0017_c.jpeg,M0017,3
M0018_a.jpeg,M0018,0
M0018_b.jpeg,M0018,0
M0018_c.jpeg,M0018,0
M0019_a.jpeg,M0019,1
M0019_b.jpeg,M0019,1
M0019_c.jpeg,M0019,1
M0020_a.jpeg,M0020,3
M0020_b.jpeg,M0020,3
M0020_c.jpeg,M0020,3
M0021_a.jpeg,M0021,2
M0021_b.jpeg,M0021,2
M0021_c.jpeg,M0021,2
