image,meal_id,rice,dhal_curry,chicken_curry,pol_sambol,mallum,papadam,egg,px_per_cm,marker_detected
M0001_a.jpg,M0001,1,0,0,0,0,0,0,,False
M0001_b.jpg,M0001,1,0,0,0,0,0,0,25.4,True
M0001_c.jpg,M0001,1,0,0,0,0,0,0,27.1,True
M0002_a.jpg,M0002,0,0,1,0,0,0,0,38.7,True
M0002_b.jpg,M0002,0,0,1,0,0,0,0,32.9,True
M0002_c.jpg,M0002,0,0,1,0,0,0,0,,False
M0003_a.jpeg,M0003,0,0,0,1,0,0,0,112.3,True
M0003_b.jpeg,M0003,0,0,0,1,0,0,0,102.8,True
M0003_c.jpeg,M0003,0,0,0,1,0,0,0,115.8,True
M0004_a.jpg,M0004,0,0,0,1,0,0,0,40.2,True
M0004_b.jpg,M0004,0,0,0,1,0,0,0,32.9,True
M0004_c.jpg,M0004,0,0,0,1,0,0,0,36.6,True
M0005_a.jpg,M0005,1,0,0,1,0,0,0,27.9,True
M0005_b.jpg,M0005,1,0,0,1,0,0,0,28.7,True
M0005_c.jpg,M0005,1,0,0,1,0,0,0,25.9,True
M0006_a.jpg,M0006,1,0,1,1,0,0,0,29.1,True
M0006_b.jpg,M0006,1,0,1,1,0,0,0,27.7,True
M0006_c.jpg,M0006,1,0,1,1,0,0,0,23.5,True
