meal_id,date,collector,location,reference_object,labels,total_weight_g,notes
M0001,8/22/2026,Rashmi,home,aruco_5cm,rice,,red_rice
M0002,8/23/2026,Rashmi,home,aruco_5cm,chicken_curry,,
M0003,8/24/2026,Rashmi,home,aruco_5cm,pol_sambol,,
M0004,8/25/2026,Rashmi,home,aruco_5cm,pol_sambol,,
M0005,8/26/2026,Rashmi,home,aruco_5cm,rice;pol_sambol,,red_rice
M0006,8/27/2026,Rashmi,home,aruco_5cm,rice;chicken_curry;pol_sambol,,red_rice
M0007,8/28/2026,Rashmi,home,aruco_5cm,rice,,
M0008,8/29/2026,Rashmi,home,aruco_5cm,chicken_curry,,
M0009,8/30/2026,Rashmi,home,aruco_5cm,pol_sambol,,
M0010,8/31/2026,Rashmi,home,aruco_5cm,rice,,
M0011,9/25/2026,Rashmi,home,aruco_5cm,pol_sambol,,
M0012,9/25/2026,Rashmi,home,aruco_5cm,rice,,
M0013,9/25/2026,Rashmi,home,aruco_5cm,soya,,
M0014,9/25/2026,Rashmi,home,aruco_5cm,rice;soya,,
M0015,9/25/2026,Imashi,home,aruco_5cm,rice,,
M0016,9/25/2026,Imashi,home,aruco_5cm,soya,,
M0017,9/25/2026,Imashi,canteen,aruco_5cm,dhal_curry,,
M0018,9/25/2026,Imashi,canteen,aruco_5cm,rice;dhal_curry,,
M0019,9/25/2026,Imashi,canteen,aruco_5cm,rice;dhal_curry;soya,,
M0020,9/25/2026,Imashi,canteen,aruco_5cm,soya,,
M0021,9/26/2026,Imashi,canteen,aruco_5cm,dhal_curry,,
M0022,9/26/2026,Imashi,canteen,aruco_5cm,chicken_curry,,
M0023,9/26/2026,Imashi,canteen,aruco_5cm,rice,,
M0024,9/26/2026,Imashi,canteen,aruco_5cm,pol_sambol,,
M0025,9/26/2026,Imashi,canteen,aruco_5cm,rice;chicken_curry;pol_sambol,,
M0026,9/26/2026,Imashi,canteen,aruco_5cm,soya,,
M0027,9/26/2026,Imashi,canteen,aruco_5cm,dhal_curry,,
M0028,9/26/2026,Imashi,canteen,aruco_5cm,rice,,
M0029,9/26/2026,Imashi,canteen,aruco_5cm,soya,,
M0030,9/26/2026,Imashi,canteen,aruco_5cm,rice,,
M0031,9/26/2026,Imashi,canteen,aruco_5cm,rice;soya,,
M0032,9/26/2026,Imashi,canteen,aruco_5cm,chicken_curry,,
M0033,9/26/2026,Imashi,canteen,aruco_5cm,chicken_curry,,
M0034,9/27/2026,Rashmi,home,aruco_5cm,dhal_curry,,
M0035,9/27/2026,Rashmi,home,aruco_5cm,rice;pol_sambol,,
M0036,9/27/2026,Rashmi,home,aruco_5cm,chicken_curry,,
M0037,9/27/2026,Rashmi,home,aruco_5cm,rice;chicken_curry;pol_sambol,,
M0038,9/27/2026,Rashmi,home,aruco_5cm,rice;pol_sambol,,
M0039,9/27/2026,Rashmi,home,aruco_5cm,soya,,
M0040,9/27/2026,Rashmi,canteen,aruco_5cm,soya,,
M0041,9/27/2026,Rashmi,canteen,aruco_5cm,pol_sambol,,
M0042,9/28/2026,Rashmi,canteen,aruco_5cm,dhal_curry,,
M0043,9/28/2026,Rashmi,canteen,aruco_5cm,soya,,
M0044,9/28/2026,Rashmi,canteen,aruco_5cm,rice;soya,,
M0045,9/29/2026,Rashmi,canteen,aruco_5cm,chicken_curry,,
M0046,9/29/2026,Rashmi,canteen,aruco_5cm,pol_sambol,,
M0047,9/29/2026,Rashmi,canteen,aruco_5cm,dhal_curry,,
M0048,9/29/2026,Rashmi,canteen,aruco_5cm,chicken_curry,,
M0049,9/30/2026,Rashmi,canteen,aruco_5cm,pol_sambol,,
M0050,9/30/2026,Rashmi,canteen,aruco_5cm,dhal_curry,,
M0051,9/30/2026,Rashmi,canteen,aruco_5cm,rice,,
M0052,9/30/2026,Rashmi,canteen,aruco_5cm,pol_sambol,,
M0053,9/30/2026,Rashmi,canteen,aruco_5cm,chicken_curry,,
M0054,9/30/2026,Rashmi,canteen,aruco_5cm,rice;soya,,
M0055,9/30/2026,Rashmi,canteen,aruco_5cm,pol_sambol,,
M0056,9/30/2026,Rashmi,canteen,aruco_5cm,rice;pol_sambol,,
M0057,9/30/2026,Rashmi,home,aruco_5cm,dhal_curry,,
M0058,9/30/2026,Rashmi,home,aruco_5cm,chicken_curry,,
M0059,9/30/2026,Rashmi,home,aruco_5cm,pol_sambol,,
M0060,9/30/2026,Rashmi,home,aruco_5cm,rice;chicken_curry;pol_sambol,,
M0061,9/30/2026,Rashmi,home,aruco_5cm,rice,,
M0062,9/30/2026,Rashmi,home,aruco_5cm,dhal_curry,,
M0063,10/1/2026,Rashmi,home,aruco_5cm,chicken_curry,,
M0064,10/1/2026,Rashmi,home,aruco_5cm,pol_sambol,,
M0065,10/1/2026,Rashmi,home,aruco_5cm,dhal_curry,,
M0066,10/1/2026,Rashmi,home,aruco_5cm,pol_sambol,,
M0067,10/1/2026,Rashmi,home,aruco_5cm,pol_sambol,,
M0068,10/1/2026,Rashmi,home,aruco_5cm,chicken_curry,,
M0069,10/1/2026,Rashmi,home,aruco_5cm,rice,,
M0070,10/1/2026,Rashmi,home,aruco_5cm,soya,,
M0071,10/1/2026,Rashmi,home,aruco_5cm,rice,,
M0072,10/1/2026,Rashmi,home,aruco_5cm,dhal_curry,,
M0073,10/1/2026,Rashmi,home,aruco_5cm,pol_sambol,,
M0074,10/1/2026,Imashi,home,aruco_5cm,rice,,
M0075,10/1/2026,Imashi,home,aruco_5cm,rice;soya,,
M0076,10/1/2026,Imashi,home,aruco_5cm,soya,,
M0077,10/1/2026,Imashi,home,aruco_5cm,rice;dhal_curry,,
M0078,10/1/2026,Imashi,home,aruco_5cm,soya,,
M0079,10/1/2026,Imashi,home,aruco_5cm,dhal_curry,,
M0080,10/1/2026,Imashi,home,aruco_5cm,rice;dhal_curry;soya,,
M0081,10/1/2026,Imashi,home,aruco_5cm,soya,,
M0082,10/1/2026,Imashi,home,aruco_5cm,dhal_curry,,
M0083,10/1/2026,Imashi,home,aruco_5cm,chicken_curry,,
M0084,10/1/2026,Imashi,home,aruco_5cm,soya,,
M0085,10/1/2026,Imashi,home,aruco_5cm,chicken_curry,,
M0086,10/2/2026,Imashi,home,aruco_5cm,pol_sambol,,
M0087,10/2/2026,Imashi,home,aruco_5cm,rice,,
M0088,10/2/2026,Imashi,home,aruco_5cm,rice,,
M0089,10/2/2026,Imashi,home,aruco_5cm,rice;chicken_curry;pol_sambol,,
M0090,10/2/2026,Imashi,home,aruco_5cm,dhal_curry,,
M0091,10/2/2026,Imashi,home,aruco_5cm,chicken_curry,,
M0092,10/2/2026,Imashi,home,aruco_5cm,dhal_curry,,
M0093,10/2/2026,Imashi,home,aruco_5cm,chicken_curry,,
M0094,10/2/2026,Imashi,home,aruco_5cm,soya,,
M0095,10/2/2026,Imashi,home,aruco_5cm,rice,,
M0096,10/2/2026,Imashi,home,aruco_5cm,rice;chicken_curry;pol_sambol,,
M0097,10/2/2026,Imashi,home,aruco_5cm,rice;soya,,
M0098,10/2/2026,Imashi,home,aruco_5cm,soya,,
M0099,10/2/2026,Imashi,home,aruco_5cm,rice;pol_sambol,,
M0100,10/2/2026,Imashi,home,aruco_5cm,soya,,
