photo,plate_id,n_copies,rice,dhal_curry,chicken_curry,pol_sambol,soya
M0001_a.jpg,M0001,2,1,0,0,0,0
M0001_b.jpg,M0001,8,1,0,0,0,0
M0001_c.jpg,M0001,8,1,0,0,0,0
M0002_a.jpg,M0002,30,0,0,1,0,0
M0002_b.jpg,M0002,16,0,0,1,0,0
M0002_c.jpg,M0002,2,0,0,1,0,0
M0003_a.jpeg,M0003,6,0,0,0,1,0
M0003_b.jpeg,M0003,6,0,0,0,1,0
M0003_c.jpeg,M0003,6,0,0,0,1,0
M0004_a.jpg,M0004,10,0,0,0,1,0
M0004_b.jpg,M0004,10,0,0,0,1,0
M0004_c.jpg,M0004,10,0,0,0,1,0
M0005_a.jpg,M0005,4,1,0,0,1,0
M0005_b.jpg,M0005,4,1,0,0,1,0
M0005_c.jpg,M0005,4,1,0,0,1,0
M0006_a.jpg,M0006,6,1,0,1,1,0
M0006_b.jpg,M0006,6,1,0,1,1,0
M0006_c.jpg,M0006,6,1,0,1,1,0
M0012_a.jpeg,M0012,2,1,0,0,0,0
M0012_b.jpeg,M0012,4,1,0,0,0,0
M0013_a.jpeg,M0013,12,0,0,0,0,1
M0013_b.jpeg,M0013,6,0,0,0,0,1
M0014_a.jpeg,M0014,6,1,0,0,0,1
M0014_b.jpeg,M0014,6,1,0,0,0,1
M0014_c.jpeg,M0014,6,1,0,0,0,1
M0015_a.jpeg,M0015,8,1,0,0,0,0
M0015_b.jpeg,M0015,8,1,0,0,0,0
M0015_c.jpeg,M0015,8,1,0,0,0,0
M0016_a.jpeg,M0016,6,0,0,0,0,1
M0016_b.jpeg,M0016,6,0,0,0,0,1
M0016_c.jpeg,M0016,6,0,0,0,0,1
M0017_a.jpeg,M0017,4,0,1,0,0,0
M0017_b.jpeg,M0017,4,0,1,0,0,0
M0017_c.jpeg,M0017,4,0,1,0,0,0
M0018_a.jpeg,M0018,2,1,1,0,0,0
M0018_b.jpeg,M0018,2,1,1,0,0,0
M0018_c.jpeg,M0018,2,1,1,0,0,0
M0019_a.jpeg,M0019,2,1,1,0,0,1
M0019_b.jpeg,M0019,2,1,1,0,0,1
M0019_c.jpeg,M0019,2,1,1,0,0,1
M0020_a.jpeg,M0020,4,0,0,0,0,1
M0020_b.jpeg,M0020,4,0,0,0,0,1
M0020_c.jpeg,M0020,4,0,0,0,0,1
M0021_a.jpeg,M0021,12,0,1,0,0,0
M0021_b.jpeg,M0021,12,0,1,0,0,0
M0021_c.jpeg,M0021,12,0,1,0,0,0
